[{
  "Id": 1,
  "First_Name": "Prathamesh",
  "Last_Name": "Ambekar",
  "Email": "prathameshambekar@gmail.com",
  "Address/City": "Pune",
  "Gender": "Male",
  "Date": "10 May 2019",
  "NGO_Funded": "Child Rights and You",
  "Amount_Funded": "20000000",
  "Mode_Of_Payment": "Credit/Debit Card"
}, {
  "Id": 2,
  "First_Name": "Haritha",
  "Last_Name": "Machanuru",
  "Email": "harithamachanuru@gmail.com",
  "Address/City": "Hyderabad",
  "Gender": "Female",
  "Date": "08 May 2019",
  "NGO_Funded": "HelpAge India",
  "Amount_Funded": "17500000",
  "Mode_Of_Payment": "Cheque"
}, {
  "Id": 3,
  "First_Name": "Swathi",
  "Last_Name": "Pulaparthi",
  "Email": "swathipulaparthi@gmail.com",
  "Address/City": "Hyderabad",
  "Gender": "Female",
  "Date": "12 May 2019",
  "NGO_Funded": "Goonj",
  "Amount_Funded": "25000000",
  "Mode_Of_Payment": "Cheque"
}, {
  "Id": 4,
  "First_Name": "Abhinandan",
  "Last_Name": "Singh",
  "Email": "abhinandansingh@gmail.com",
  "Address/City": "Pune",
  "Gender": "Male",
  "Date": "15 May 2019",
  "NGO_Funded": "KC Mahindra Education Trust",
  "Amount_Funded": "5000000",
  "Mode_Of_Payment": "Cash"
}, {
  "Id": 5,
  "First_Name": "Allahbeli",
  "Last_Name": "Nagori",
  "Email": "allahbelinagori@gmail.com",
  "Address/City": "Pune",
  "Gender": "Male",
  "Date": "10 May 2019",
  "NGO_Funded": "Child Rights and You",
  "Amount_Funded": "30000000",
  "Mode_Of_Payment": "Credit/Debit Card"
}, {
  "Id": 6,
  "First_Name": "Amol",
  "Last_Name": "Kapse",
  "Email": "amolkapse@gmail.com",
  "Address/City": "Pune",
  "Gender": "Male",
  "Date": "20 May 2019",
  "NGO_Funded": "LEPRA India",
  "Amount_Funded": "6000000",
  "Mode_Of_Payment": "Cash"
}, {
  "Id": 7,
  "First_Name": "Sunil",
  "Last_Name": "Patel",
  "Email": "sunilpatel@gmail.com",
  "Address/City": "Indore",
  "Gender": "Male",
  "Date": "18 May 2019",
  "NGO_Funded": "HelpAge India",
  "Amount_Funded": "1000000",
  "Mode_Of_Payment": "Cash"
}, {
  "Id": 8,
  "First_Name": "Sujit",
  "Last_Name": "Singh",
  "Email": "sujitsingh@gmail.com",
  "Address/City": "Patna",
  "Gender": "Male",
  "Date": "15 May 2019",
  "NGO_Funded": "Child Rights and You",
  "Amount_Funded": "10000000",
  "Mode_Of_Payment": "Credit/Debit Card"
}, {
  "Id": 9,
  "First_Name": "Kiran",
  "Last_Name": "Gite",
  "Email": "kirangite@gmail.com",
  "Address/City": "Nashik",
  "Gender": "Female",
  "Date": "16 May 2019",
  "NGO_Funded": "KC Mahindra Education Trust",
  "Amount_Funded": "12500000",
  "Mode_Of_Payment": "Cheque"
}, {
  "Id": 10,
  "First_Name": "Pooja",
  "Last_Name": "Anand",
  "Email": "poojanand@gmail.com",
  "Address/City": "Delhi",
  "Gender": "Female",
  "Date": "05 May 2019",
  "NGO_Funded": "LEPRA India",
  "Amount_Funded": "4000000",
  "Mode_Of_Payment": "Cash"
}, {
  "Id": 11,
  "First_Name": "Niharika",
  "Last_Name": "Lakshmi",
  "Email": "niharikalakshmi@gmail.com",
  "Address/City": "Hyderabad",
  "Gender": "Female",
  "Date": "15 May 2019",
  "NGO_Funded": "Child Rights and You",
  "Amount_Funded": "20000000",
  "Mode_Of_Payment": "Credit/Debit Card"
}, {
  "Id": 12,
  "First_Name": "Nilesh",
  "Last_Name": "Muley",
  "Email": "nileshmuley@gmail.com",
  "Address/City": "Bhopal",
  "Gender": "Male",
  "Date": "18 May 2019",
  "NGO_Funded": "Goonj",
  "Amount_Funded": "2500000",
  "Mode_Of_Payment": "Credit/Debit Card"
}, {
  "Id": 13,
  "First_Name": "Manika",
  "Last_Name": "Delmade",
  "Email": "manikadelmade@gmail.com",
  "Address/City": "Pune",
  "Gender": "Male",
  "Date": "17 May 2019",
  "NGO_Funded": "Child Rights and You",
  "Amount_Funded": "12000000",
  "Mode_Of_Payment": "Cheque"
}, {
  "Id": 14,
  "First_Name": "Sumit",
  "Last_Name": "Godse",
  "Email": "sumitgodse@gmail.com",
  "Address/City": "Solapur",
  "Gender": "Male",
  "Date": "19 May 2019",
  "NGO_Funded": "KC Mahindra Education Trust",
  "Amount_Funded": "7500000",
  "Mode_Of_Payment": "Cash"
}, {
  "Id": 15,
  "First_Name": "Shilpa",
  "Last_Name": "Rachgond",
  "Email": "shilparachgond@gmail.com",
  "Address/City": "Hyderabad",
  "Gender": "Female",
  "Date": "13 May 2019",
  "NGO_Funded": "Goonj",
  "Amount_Funded": "20000000",
  "Mode_Of_Payment": "Credit/Debit Card"
}, {
  "Id": 16,
  "First_Name": "Sonali",
  "Last_Name": "Hargunani",
  "Email": "sonalihargunani@gmail.com",
  "Address/City": "Pune",
  "Gender": "Female",
  "Date": "19 May 2019",
  "NGO_Funded": "Child Rights and You",
  "Amount_Funded": "8000000",
  "Mode_Of_Payment": "Cheque"
}, {
   "Id": 17,
  "First_Name": "Amruta",
  "Last_Name": "Talekar",
  "Email": "amrutatalekar@gmail.com",
  "Address/City": "Solapur",
  "Gender": "Female",
  "Date": "23 May 2019",
  "NGO_Funded": "HelpAge India",
  "Amount_Funded": "1500000",
  "Mode_Of_Payment": "Cash"
}, {
  "Id": 18,
  "First_Name": "Sagar",
  "Last_Name": "Zade",
  "Email": "sagarzade@gmail.com",
  "Address/City": "Pune",
  "Gender": "Male",
  "Date": "27 May 2019",
  "NGO_Funded": "KC Mahindra Education Trust",
  "Amount_Funded": "12500000",
  "Mode_Of_Payment": "Credit/Debit Card"
}, {
  "Id": 19,
  "First_Name": "Amit",
  "Last_Name": "Apte",
  "Email": "amitapte@gmail.com",
  "Address/City": "Pune",
  "Gender": "Male",
  "Date": "10 May 2019",
  "NGO_Funded": "Goonj",
  "Amount_Funded": "12500000",
  "Mode_Of_Payment": "Cheque"
}, {
  "Id": 20,
  "First_Name": "Shubhada",
  "Last_Name": "Awatade",
  "Email": "sawatade@gmail.com",
  "Address/City": "Pune",
  "Gender": "Female",
  "Date": "18 May 2019",
  "NGO_Funded": "KC Mahindra Education Trust",
  "Amount_Funded": "2500000",
  "Mode_Of_Payment": "Cash"
}]