[{
  "Id": 1,
  "NGO_Name":  "Child Rights and You",
  "Email":  "hmachanuru@deloitte.com",
  "Month":  "May 2019",
  "Amount_Required":  "50000000"
  }, {
  "Id": 2,
   "NGO_Name":  "Goonj",
  "Email":  "pambekar@deloitte.com",
  "Month":  "May 2019",
  "Amount_Required":  "80000000"
}, {
  "Id": 3,
   "NGO_Name":  "HelpAge India",
  "Email":  "hmachanuru@deloitte.com",
  "Month":  "May 2019",
  "Amount_Required":  "50000000"
}, {
  "Id": 4,
   "NGO_Name":  "KC Mahindra Education Trust",
  "Email":  "pambekar@deloitte.com",
  "Month":  "May 2019",
  "Amount_Required":  "20000000"
}, {
  "Id": 5,
  "NGO_Name":  "LEPRA India",
  "Email":  "hmachanuru@deloitte.com",
  "Month":  "May 2019",
  "Amount_Required":  "60000000"
}]